{"cameraMode":{"drawMode":0,"name":"Shaded","section":"Shading Mode"},"sceneLighting":true,"audioPlay":false,"sceneViewState":{"showFog":true,"showMaterialUpdate":false,"showSkybox":true,"showFlares":true,"showImageEffects":true,"showParticleSystems":true},"in2DMode":false,"pivot":{"x":128.81307983398438,"y":91.3138198852539,"z":362.5587463378906},"rotation":{"x":0.0498785525560379,"y":0.9427507519721985,"z":-0.16455931961536408,"w":0.28575071692466738},"size":75.74115753173828,"orthographic":false}