{"cameraMode":{"drawMode":0,"name":"Shaded","section":"Shading Mode"},"sceneLighting":false,"audioPlay":false,"sceneViewState":{"showFog":true,"showMaterialUpdate":false,"showSkybox":true,"showFlares":true,"showImageEffects":true,"showParticleSystems":true},"in2DMode":false,"pivot":{"x":14.640621185302735,"y":-0.12289561331272125,"z":-3.774134397506714},"rotation":{"x":-0.08803993463516236,"y":0.759951651096344,"z":-0.6353204846382141,"w":-0.10531061142683029},"size":10.351614952087403,"orthographic":false}